<?xml version="1.0" encoding="UTF-8"?>
<!DOCTYPE mapper PUBLIC "-//mybatis.org//DTD Mapper 3.0//EN" "http://mybatis.org/dtd/mybatis-3-mapper.dtd">
<mapper namespace="board">

	<insert id="setBoard" parameterType="com.example.grp.model.BoardVO">
		INSERT INTO com_board SET
			menu_name = #{menu_name},
			menu_code = #{menu_code},
			menu_kind = #{menu_kind},
			menu_color = #{menu_color},
			menu_read = #{menu_read},
			menu_write = #{menu_write},
			menu_reply = #{menu_reply},
			menu_download = #{menu_download},
			menu_maker = #{menu_maker},
			menu_regdate = now()
	</insert>

	<insert id="createArticleTbl">
		${str}
	</insert>

	<insert id="createCommentTbl">
		${str}
	</insert>
	
	<select id="getBoardList" resultType="com.example.grp.model.BoardVO">
		SELECT * FROM com_board A ORDER by menu_code DESC LIMIT #{start}, #{end}
	</select>

	<select id="getBoardExist" resultType="int">
		SELECT COUNT(*) FROM com_board WHERE menu_code = #{menu_code}
	</select>

	<delete id="setBoardDelete">
		DELETE FROM com_board WHERE menu_code = #{menu_code}
	</delete>

	<insert id="dropArticleTbl">
		${str}
	</insert>

	<insert id="dropCommentTbl">
		${str}
	</insert>

	<select id="getBoardCount" resultType="int">
		SELECT COUNT(*) FROM com_board;
	</select>

	<delete id="setBoardDeleteAll">
		DELETE FROM	com_board WHERE	menu_code = #{menu_code}
	</delete>
	
	<insert id="setBuseoBoard" parameterType="com.example.grp.model.BoardVO">
		INSERT INTO buseo_board SET
			menu_name = #{menu_name},
			menu_buseo = #{menu_buseo},
			menu_code = #{menu_code},
			menu_kind = #{menu_kind},
			menu_color = #{menu_color},
			menu_read = #{menu_read},
			menu_write = #{menu_write},
			menu_reply = #{menu_reply},
			menu_download = #{menu_download},
			menu_maker = #{menu_maker},
			menu_regdate = now()
	</insert>

	<insert id="createBuseoArticleTbl">
		${str}
	</insert>

	<insert id="createBuseoCommentTbl">
		${str}
	</insert>
	
	<select id="getBuseoBoardList" resultType="com.example.grp.model.BoardVO">
		SELECT * FROM buseo_board A ORDER by menu_buseo ASC LIMIT #{start}, #{end}
	</select>

	<select id="getBuseoBoardExist" resultType="int">
		SELECT COUNT(*) FROM buseo_board WHERE menu_code = #{menu_code}
	</select>

	<delete id="setBuseoBoardDelete">
		DELETE FROM buseo_board WHERE menu_code = #{menu_code}
	</delete>

	<insert id="dropBuseoArticleTbl">
		${str}
	</insert>

	<insert id="dropBuseoCommentTbl">
		${str}
	</insert>

	<select id="getBuseoBoardCount" resultType="int">
		SELECT COUNT(*) FROM buseo_board
	</select>

	<delete id="setBuseoBoardDeleteAll">
		DELETE FROM	buseo_board WHERE	menu_code = #{menu_code}
	</delete>
	
	<select id="getComMenuList" resultType="com.example.grp.model.BoardVO">
		SELECT * FROM com_board
	</select>
	
	<select id="getBuseoMenuList" resultType="com.example.grp.model.BoardVO">
		SELECT * FROM buseo_board
	</select>
	
</mapper>












