<?xml version="1.0" encoding="UTF-8"?>
<!DOCTYPE mapper PUBLIC "-//mybatis.org//DTD Mapper 3.0//EN" "http://mybatis.org/dtd/mybatis-3-mapper.dtd">
<mapper namespace="comNotice">
	
	<select id="getNoticeList" parameterType="hashMap" resultType="com.example.grp.model.NoticeVO">
		SELECT * FROM company_notice ORDER BY sn_num DESC LIMIT #{start}, #{end}
	</select>
	
	<select id="getNotice5" resultType="com.example.grp.model.NoticeVO">
		SELECT * FROM company_notice ORDER BY sn_num DESC LIMIT 5
	</select>
	
	<select id="getNoticeTotalCount"  resultType="int">
		SELECT COUNT(*) FROM company_notice 

	</select>
	
	<insert id="setNoticeInsert" parameterType="com.example.grp.model.NoticeVO">
		INSERT INTO company_notice SET 
			sn_maker	= #{sn_maker},
			sn_title	= #{sn_title},
			sn_content	= #{sn_content},
			sn_regdate	= now(),
			sn_type 	= #{sn_type},
			sn_read		= #{sn_read},
			sn_write	= #{sn_write},
			sn_download	= #{sn_download},
			sn_reply	= #{sn_reply}
	</insert>
	
	<delete id="setNoticeDelete" parameterType="com.example.grp.model.NoticeVO">
		DELETE FROM company_notice WHERE sn_num = #{sn_num}
	</delete>
	
	<update id="setNoticeModify" parameterType="com.example.grp.model.NoticeVO">
		UPDATE company_notice SET 
			sn_maker	= #{sn_maker},
			sn_title	= #{sn_title},
			sn_content	= #{sn_content},
			sn_regdate	= now(),
			sn_type 	= #{sn_type},
			sn_read		= #{sn_read},
			sn_write	= #{sn_write},
			sn_download	= #{sn_download},
			sn_reply	= #{sn_reply}
		WHERE sn_num = #{sn_num}
	</update>
	
	<select id="getNoticeOne" parameterType="com.example.grp.model.NoticeVO" resultType="com.example.grp.model.NoticeVO">
		SELECT * FROM company_notice WHERE sn_num = #{sn_num}
	</select>
	
	<update id="hitUp" parameterType="int">
		UPDATE company_notice SET sn_count = sn_count + 1 WHERE sn_num = #{sn_num}
	</update>
</mapper>












