<?xml version="1.0" encoding="UTF-8"?>
<!DOCTYPE mapper PUBLIC "-//mybatis.org//DTD Mapper 3.0//EN" "http://mybatis.org/dtd/mybatis-3-mapper.dtd">
<mapper namespace="employee">

	<sql id="searchData">
		${searchOpt} LIKE CONCAT('%', #{words}, '%')
	</sql>
	
	<select id="getEmpList" parameterType="hashmap"  resultType="com.example.grp.model.EmpVO">
		SELECT 
			emp_num as emp_num,
			emp_buseo as emp_buseo,
			B.buseo_name as emp_buseo_name,
			g.grade_name as emp_grade_name,
			emp_id as emp_id,
			emp_pwd as emp_pwd,
			emp_name as emp_name,
			emp_enter as emp_enter,
			emp_phone as emp_phone,
			emp_company_tel as emp_company_tel,
			emp_regdate as emp_regdate,
			emp_confirm as emp_confirm,
			emp_auth as emp_auth 
		 FROM gw_employee e, gw_buseo b, gw_grade g WHERE e.emp_confirm = 'Y' AND e.emp_buseo = b.buseo_id AND e.emp_grade = g.grade_id AND emp_num > 1 
		  AND <include refid="searchData"></include>  
		  ORDER BY emp_num DESC LIMIT #{start}, #{end}
	</select>
	
	<select id="getNewEmpList"  resultType="com.example.grp.model.EmpVO">
		SELECT 
			emp_num as emp_num,
			emp_buseo as emp_buseo,
			B.buseo_name as emp_buseo_name,
			emp_id as emp_id,
			emp_pwd as emp_pwd,
			emp_name as emp_name,
			emp_enter as emp_enter,
			emp_regdate as emp_regdate,
			emp_confirm as emp_confirm,
			emp_auth as emp_auth 
		 FROM gw_employee e, gw_buseo b WHERE emp_confirm = 'N' AND e.emp_buseo = b.buseo_id ORDER BY emp_num DESC LIMIT #{start}, #{end}
	</select>
	
	<select id="getResignEmpList"  resultType="com.example.grp.model.EmpVO">
		SELECT 
			emp_num as emp_num,
			emp_buseo as emp_buseo,
			B.buseo_name as emp_buseo_name,
			emp_id as emp_id,
			emp_pwd as emp_pwd,
			emp_name as emp_name,
			emp_enter as emp_enter,
			emp_regdate as emp_regdate,
			emp_confirm as emp_confirm,
			emp_auth as emp_auth 
		 FROM gw_employee e, gw_buseo b WHERE emp_confirm = 'X' AND e.emp_buseo = b.buseo_id ORDER BY emp_num DESC LIMIT #{start}, #{end}
	</select>
	
	<select id="getTotalEmpCount" resultType="int">
		SELECT COUNT(*) FROM gw_employee WHERE emp_confirm = 'Y' AND emp_num > 1 AND <include refid="searchData"></include>  
	</select>
	
	<select id="getNewEmpCount" resultType="int">
		SELECT COUNT(*) FROM gw_employee WHERE emp_confirm = 'N'
	</select>
	
	<select id="getResignEmpCount" resultType="int">
		SELECT COUNT(*) FROM gw_employee WHERE emp_confirm = 'X'
	</select>
	
	<update id="setNewEmpConfirm" parameterType="int">
		UPDATE gw_employee SET emp_confirm = 'Y' WHERE emp_num = #{emp_num}
	</update>
	
	<delete id="setEmpDelete" parameterType="int">
		DELETE FROM gw_employee WHERE emp_num = #{emp_num}
	</delete>
	
	<select id="getEmpOne" parameterType="com.example.grp.model.EmpVO" resultType="com.example.grp.model.EmpVO">
		SELECT * FROM gw_employee WHERE emp_num = #{emp_num}
	</select>
	
	<update id="setEmpModify" parameterType="com.example.grp.model.EmpVO" >
		UPDATE gw_employee SET 
			emp_buseo 	= #{emp_buseo},
			emp_grade 	= #{emp_grade},
			emp_enter   = #{emp_enter},
			emp_pwd     = #{emp_pwd},
			emp_name    = #{emp_name},
			emp_gender  = #{emp_gender},
			emp_birth   = #{emp_birth},
			emp_phone   = #{emp_phone},
			emp_company_tel = #{emp_company_tel},
			emp_tel     = #{emp_tel},
			emp_height  = #{emp_height},
			emp_weight  = #{emp_weight},
			emp_hobby   = #{emp_hobby},
			emp_speciality = #{emp_speciality},
			emp_married = #{emp_married},
			emp_license = #{emp_license},
			emp_lang    = #{emp_lang},
			emp_comment = #{emp_comment},
			emp_photo   = #{emp_photo}
		WHERE emp_id = #{emp_id}
	</update>

	<update id="setEmpResign" parameterType="int">
		UPDATE gw_employee SET emp_confirm = 'X' WHERE emp_num = #{emp_num}
	</update>
	
	<insert id="setEmpRegister" parameterType="com.example.grp.model.EmpVO">
		INSERT INTO gw_employee SET 
			emp_id 		= #{emp_id},
			emp_buseo 	= #{emp_buseo},
			emp_grade 	= #{emp_grade},
			emp_enter   = #{emp_enter},
			emp_pwd     = #{emp_pwd},
			emp_name    = #{emp_name},
			emp_gender  = #{emp_gender},
			emp_birth   = #{emp_birth},
			emp_phone   = #{emp_phone},
			emp_company_tel = #{emp_company_tel},
			emp_tel     = #{emp_tel},
			emp_height  = #{emp_height},
			emp_weight  = #{emp_weight},
			emp_hobby   = #{emp_hobby},
			emp_speciality = #{emp_speciality},
			emp_married = #{emp_married},
			emp_license = #{emp_license},
			emp_lang    = #{emp_lang},
			emp_comment = #{emp_comment},
			emp_photo   = #{emp_photo},
			emp_regdate = now()
	</insert>
	
	<select id="getAdminList"  resultType="com.example.grp.model.EmpVO">
		SELECT 
			emp_num as emp_num,
			emp_buseo as emp_buseo,
			B.buseo_name as emp_buseo_name,
			g.grade_name as emp_grade_name,
			emp_id as emp_id,
			emp_pwd as emp_pwd,
			emp_name as emp_name,
			emp_enter as emp_enter,
			emp_phone as emp_phone,
			emp_company_tel as emp_company_tel,
			emp_regdate as emp_regdate,
			emp_confirm as emp_confirm,
			emp_auth as emp_auth 
		 FROM gw_employee e, gw_buseo b, gw_grade g WHERE e.emp_confirm = 'Y' AND e.emp_auth = 10 AND e.emp_buseo = b.buseo_id AND e.emp_grade = g.grade_id AND emp_num > 1 
		  ORDER BY emp_num DESC LIMIT #{start}, #{end}
	</select>
	
	<select id="getAdminOne" resultType="com.example.grp.model.EmpVO">
		SELECT * FROM gw_employee WHERE emp_id = 'admin'
	</select>
	
	<select id="getAdminCount" resultType="int">
		SELECT COUNT(*) FROM gw_employee WHERE emp_auth = 10 AND emp_num > 1
	</select>
	
	<update id="setAdmin" parameterType="int">
		UPDATE gw_employee SET emp_auth = 10 WHERE emp_num = #{emp_num}
	</update>
	
	<update id="setAdminAuth" parameterType="com.example.grp.model.EmpVO">
		UPDATE gw_employee SET emp_auth = 2 WHERE emp_num = #{emp_num}
	</update>
</mapper>












